round,u5,missed_u5,covered_u5,coverage,missed_rate
1,7381710,2836807,4544903,0.6156978532074546,0.3843021467925454
2,7381710,2581477,4800233,0.6502873995320867,0.34971260046791325
3,7381710,2346340,5035370,0.6821414008407266,0.3178585991592734
4,7381710,2135842,5245868,0.7106575576661777,0.2893424423338224
5,7381710,1944871,5436839,0.7365283924727468,0.2634716075272532
6,7381710,1774525,5607185,0.7596051592381711,0.2403948407618289
